<?xml version="1.0" encoding="utf-8"?>
<Defs>
	
	<!-- Stims -->
	
	<!-- BattleStim Vial -->
	
	<ThingDef ParentName="ResourceBase">
    	<defName>MSBattleStim_Vial</defName>
    	<label>Battle Stim Vial</label>
    	<description>Vial of Battle Stim chemicals. To be prepared in the Stimlab.</description>
		<techLevel>Ultra</techLevel>
    	<graphicData>
      		<texPath>Things/Item/Resource/MSBattleStim_Vial</texPath>
      		<graphicClass>Graphic_StackCount</graphicClass>
    	</graphicData>
    	<stackLimit>150</stackLimit>
    	<statBases>
      		<MaxHitPoints>50</MaxHitPoints>
      		<MarketValue>339.8</MarketValue> 
      		<Mass>0.1</Mass>
      		<Flammability>0.7</Flammability>
			<DeteriorationRate>3.0</DeteriorationRate>
		</statBases>
    	<thingCategories>
      		<li>MSManufactured</li>
    	</thingCategories>
		<tradeability>None</tradeability>
  	</ThingDef>
	
	<RecipeDef>
		<defName>MakeMSBattleStimVial</defName>
		<label>Make Battle Stim Vial</label>
		<description>Make 1 Battle Stim Vial.</description>
		<jobString>Making a Battle Stim Vial.</jobString>
		<workSpeedStat>DrugSynthesisSpeed</workSpeedStat>
		<effectWorking>Cook</effectWorking>
		<soundWorking>Recipe_CookMeal</soundWorking>
		<workAmount>400</workAmount>
		<targetCountAdjustment>1</targetCountAdjustment>
		<workSkill>Intellectual</workSkill>
		<ingredients>
			<li>
				<filter>
					<thingDefs>
						<li>MSMetasis_Vial</li>
					</thingDefs>
				</filter>
				<count>1</count>
			</li>
			<li>
				<filter>
					<thingDefs>
						<li>MSAndrogen</li>
					</thingDefs>
				</filter>
				<count>2</count>
			</li>
			<li>
				<filter>
					<thingDefs>
						<li>MSClarity</li>
					</thingDefs>
				</filter>
				<count>1</count>
			</li>
		</ingredients>
		<fixedIngredientFilter>
			<thingDefs>
				<li>MSMetasis_Vial</li>
				<li>MSAndrogen</li>
				<li>MSClarity</li>
			</thingDefs>
		</fixedIngredientFilter>
		<products>
			<MSBattleStim_Vial>1</MSBattleStim_Vial>
		</products>
		<recipeUsers>
			<li>MSStimLab</li>
		</recipeUsers>
      	<skillRequirements>
            	<Intellectual>10</Intellectual>
      	</skillRequirements>
		<researchPrerequisite>MSBattleStims</researchPrerequisite>
	</RecipeDef>
	
	<RecipeDef>
		<defName>MakeBulkMSBattleStimVial</defName>
		<label>Make Battle Stim Vials in bulk</label>
		<description>Make 5 Battle Stim Vials.</description>
		<jobString>Making Battle Stim Vials.</jobString>
		<workSpeedStat>DrugSynthesisSpeed</workSpeedStat>
		<effectWorking>Cook</effectWorking>
		<soundWorking>Recipe_CookMeal</soundWorking>
		<workAmount>2000</workAmount>
		<targetCountAdjustment>5</targetCountAdjustment>
		<workSkill>Intellectual</workSkill>
		<ingredients>
			<li>
				<filter>
					<thingDefs>
						<li>MSMetasis_Vial</li>
					</thingDefs>
				</filter>
				<count>5</count>
			</li>
			<li>
				<filter>
					<thingDefs>
						<li>MSAndrogen</li>
					</thingDefs>
				</filter>
				<count>10</count>
			</li>
			<li>
				<filter>
					<thingDefs>
						<li>MSClarity</li>
					</thingDefs>
				</filter>
				<count>5</count>
			</li>
		</ingredients>
		<fixedIngredientFilter>
			<thingDefs>
				<li>MSMetasis</li>
				<li>MSAndrogen</li>
				<li>MSClarity</li>
			</thingDefs>
		</fixedIngredientFilter>
		<products>
			<MSBattleStim_Vial>5</MSBattleStim_Vial>
		</products>
		<recipeUsers>
			<li>MSStimLab</li>
		</recipeUsers>
      	<skillRequirements>
            	<Intellectual>11</Intellectual>
      	</skillRequirements>
		<researchPrerequisite>MSBattleStims</researchPrerequisite>
	</RecipeDef>
	
	<!-- BattleStim -->
	
	<ThingDef ParentName="MSExoticBase">
    	<defName>MSBattleStim</defName>
    	<label>Battle Stim</label>
    	<description>A dose of self injected mechanites designed to boost battlefield potential and healing. Harnesses Metasis with other drugs under radioactive conditions that allow for regenerative properties and battle readiness. There is the possibility of side effects involving damage to the liver or kidney, aswell as a potential regression period to their use. Effects last half a day.</description>
		<techLevel>Ultra</techLevel>
    	<graphicData>
      		<texPath>Things/Item/MSExotic/MSBattleStim/MSBattleStim</texPath>
      		<graphicClass>Graphic_Single</graphicClass>
    	</graphicData>
		<drawGUIOverlay>true</drawGUIOverlay>
    	<statBases>
			<WorkToMake>400</WorkToMake>
      		<MarketValue>709.8</MarketValue>
    	</statBases>
		<generateCommonality>0.00003</generateCommonality>
		<category>Item</category>
		<altitudeLayer>Item</altitudeLayer>
		<alwaysHaulable>True</alwaysHaulable>
    	<comps>
      		<li Class="CompProperties_Usable">
        			<useJob>UseItem</useJob>
        			<useLabel>Use Battle Stim</useLabel>
        			<useDuration>300</useDuration>
      		</li>
			<li Class="CompProperties_Forbiddable"/>
    	</comps>
		<thingCategories Inherit="false">
      		<li>MSInjectStim</li>
    	</thingCategories>
		<tradeability>None</tradeability>
  	</ThingDef>
	
	<RecipeDef>
		<defName>MakeMSBattleStim</defName>
		<label>Make Battle Stim</label>
		<description>Make 1 Battle Stim</description>
		<jobString>Making Battle Stims</jobString>
      	<workSpeedStat>DrugSynthesisSpeed</workSpeedStat>
		<effectWorking>Cook</effectWorking>
		<soundWorking>Recipe_CookMeal</soundWorking>
		<allowMixingIngredients>true</allowMixingIngredients>
      	<workSkill>Intellectual</workSkill>
		<workAmount>400</workAmount>                
		<ingredients>
			<li>
	  			<filter>
	     			<thingDefs>
	       				<li>MSBattleStim_Vial</li>
	     			</thingDefs>
	    		</filter>
	    		<count>1</count>
			</li>
			<li>
				<filter>
	      			<thingDefs>
	        				<li>Uranium</li>
	      			</thingDefs>
	    		</filter>
	    		<count>5</count>
	  		</li>
     		<li>
	    		<filter>
	      			<thingDefs>
	        				<li>MSInjector_Unit</li>
	      			</thingDefs>
	    		</filter>
	    		<count>1</count>
	  		</li>
		</ingredients>
		<fixedIngredientFilter>
	   		<thingDefs>
				<li>MSBattleStim_Vial</li>
	           	<li>Uranium</li>
				<li>MSInjector_Unit</li>
	      	</thingDefs>
		</fixedIngredientFilter>
		<products>
	  		<MSBattleStim>1</MSBattleStim>
		</products>
    	<skillRequirements>
			<Crafting>8</Crafting>
        		<Intellectual>12</Intellectual>
    	</skillRequirements>
      	<recipeUsers>
        		<li>MSStimLab</li>
      	</recipeUsers>
      	<researchPrerequisite>MSBattleStims</researchPrerequisite>
	</RecipeDef>
	
	<RecipeDef>
		<defName>MakeBulkMSBattleStim</defName>
		<label>Make Battle Stims in bulk</label>
		<description>Make 5 Battle Stims</description>
		<jobString>Making Battle Stims</jobString>
      	<workSpeedStat>DrugSynthesisSpeed</workSpeedStat>
		<effectWorking>Cook</effectWorking>
		<soundWorking>Recipe_CookMeal</soundWorking>
		<allowMixingIngredients>true</allowMixingIngredients>
		<targetCountAdjustment>5</targetCountAdjustment>
      	<workSkill>Intellectual</workSkill>
		<workAmount>2000</workAmount>                   
		<ingredients>
			<li>
	  			<filter>
	     			<thingDefs>
	       				<li>MSBattleStim_Vial</li>
	     			</thingDefs>
	    		</filter>
	    		<count>5</count>
			</li>
			<li>
				<filter>
	      			<thingDefs>
	        				<li>Uranium</li>
	      			</thingDefs>
	    		</filter>
	    		<count>25</count>
	  		</li>
     		<li>
	    		<filter>
	      			<thingDefs>
	        				<li>MSInjector_Unit</li>
	      			</thingDefs>
	    		</filter>
	    		<count>5</count>
	  		</li>
		</ingredients>
		<fixedIngredientFilter>
	   		<thingDefs>
				<li>MSBattleStim_Vial</li>
	           	<li>Uranium</li>
				<li>MSInjector_Unit</li>
	      	</thingDefs>
		</fixedIngredientFilter>
		<products>
	  		<MSBattleStim>5</MSBattleStim>
		</products>
    	<skillRequirements>
			<Crafting>9</Crafting>
        		<Intellectual>13</Intellectual>
    	</skillRequirements>
      	<recipeUsers>
        		<li>MSStimLab</li>
      	</recipeUsers>
      	<researchPrerequisite>MSBattleStims</researchPrerequisite>
	</RecipeDef>
	
	<!-- Utility Belt -->
	
	<ApparelLayerDef>
		<defName>MSUtility</defName>
		<label>Utility</label>
		<drawOrder>333</drawOrder>
	</ApparelLayerDef>
	
	<ThingDef ParentName="ApparelBase">
    	<defName>MSBattleStimBelt</defName>
    	<label>Battle Stim Utility</label>
    	<description>A battle stim attachable to any belt or the waist area as a utility item</description>
		<techLevel>Ultra</techLevel>
    	<graphicData>
      		<texPath>Things/Item/MSExotic/MSBattleStimBelt/MSBattleStimBelt</texPath>
      		<graphicClass>Graphic_Single</graphicClass>
    	</graphicData>
		<drawGUIOverlay>true</drawGUIOverlay>
    	<statBases>
			<WorkToMake>500</WorkToMake>
      		<MarketValue>717.3</MarketValue>
			<MaxHitPoints>100</MaxHitPoints>
      		<Flammability>1.0</Flammability>
      		<DeteriorationRate>2</DeteriorationRate>
			<Beauty>-3</Beauty>
			<SellPriceFactor>0.5</SellPriceFactor>
			<Mass>0.5</Mass>
    	</statBases>
		<generateCommonality>0.00003</generateCommonality>
		<category>Item</category>
		<altitudeLayer>Item</altitudeLayer>
		<alwaysHaulable>True</alwaysHaulable>
		<thingClass>MSExotic.MSStimWorn</thingClass>
		<tickerType>Never</tickerType>
		<apparel>
			<careIfWornByCorpse>false</careIfWornByCorpse>
			<bodyPartGroups>
				<li>Waist</li>
			</bodyPartGroups>
			<layers>
				<li>MSUtility</li>
			</layers>
			<tags>
				<li>SpacerMilitary</li>
			</tags>
		</apparel>
    	<comps>
			<li Class="MSExotic.CompProperties_MSStimWorn">
				<StimUses>1</StimUses>
			</li>
    	</comps>
		<thingCategories Inherit="false">
			<li>Apparel</li>
    	</thingCategories>
		<tradeTags>
      		<li>ExoticMisc</li>
    	</tradeTags>
		<thingSetMakerTags>
      		<li>RewardSpecial</li>
    	</thingSetMakerTags>
		<recipeMaker>
			<workSpeedStat>GeneralLaborSpeed</workSpeedStat>
			<workSkill>Crafting</workSkill>
			<effectWorking>Tailor</effectWorking>
			<soundWorking>Recipe_Tailor</soundWorking>
			<recipeUsers>
				<li>ElectricTailoringBench</li>
				<li>HandTailoringBench</li>
			</recipeUsers>
			<unfinishedThingDef>UnfinishedApparel</unfinishedThingDef>
	  		<researchPrerequisite>MSBattleStims</researchPrerequisite>
      		<skillRequirements>
        			<Crafting>5</Crafting>
      		</skillRequirements>
		</recipeMaker>
		<stuffCategories>
			<li>Leathery</li>
		</stuffCategories>
		<costStuffCount>5</costStuffCount>
		<costList>
			<MSBattleStim>1</MSBattleStim>
		</costList>
		<colorGenerator Class="ColorGenerator_Options">
			<options>
				<li>
					<weight>10</weight>
					<only>RGBA(0.33,0.33,0.33,1)</only>
				</li>
				<li>
					<weight>5</weight>
					<only>RGBA(1,0.56,0.7,1)</only>
				</li>
				<li>
					<weight>10</weight>
					<only>RGBA(0.9,0.9,0.9,1)</only>
				</li>
			</options>
		</colorGenerator>
  	</ThingDef>
	
</Defs>