<?xml version="1.0" encoding="utf-8"?>
<Defs>
	
	<!-- Research -->
	
	<ResearchProjectDef>
		<defName>MSDrugMixer</defName>
		<label>Drug Mixer</label>
		<description>Grants the ability to build the drug mixer. An automated mixing machine to make precursor chemicals.</description>
		<baseCost>500</baseCost>
		<techLevel>Industrial</techLevel>
		<prerequisites>
			<li>Stonecutting</li>
			<li>DrugProduction</li>
			<li>BiofuelRefining</li>
			<li>Brewing</li>
		</prerequisites>
		<requiredResearchBuilding>HiTechResearchBench</requiredResearchBuilding>
		<tab>MedicalSuppTab</tab>
	</ResearchProjectDef>
		
	<!-- Building -->

 <ThingDef ParentName="BuildingBase">
    <defName>MSDrugMixer</defName>
    <label>Drug Chemical Mixer</label>
    <description>A machine for preparing drug precursor elements:\n\n\nNeutroamine: Chemfuel and Glycerol.\n\nGlycerol: Chemfuel and (Beer or Ethanol).\n\nPhenol: Chemfuel.\n\nLithium Salts: Stone Chunks, Chemfuel and (Phenol or Sulphuric Acid).
		\nOpium Latex: Opium Seed Pods.\n\nSulphur: Stone Chunks.\n\nSulphuric Acid: Sulphur.\n\nEthanol: Chemfuel and Sulphuric Acid.\n\nHydrogen Peroxide: Chemfuel, Neutroamine and Sulphuric Acid.
		\nMercury Salts: Stone Chunks\n\nEthyl Mercury: Chemfuel and Mercury Salts.</description>
    <thingClass>MSDrugMix.Building_MSDrugMix</thingClass>
    <graphicData>
      <texPath>Things/Building/Misc/MSDrugMixer/MSDrugMixer</texPath>
      <graphicClass>Graphic_Multi</graphicClass>
      <drawSize>(4,2)</drawSize>
      <damageData>
        <cornerTL>Damage/Corner</cornerTL>
        <cornerTR>Damage/Corner</cornerTR>
      </damageData>
    </graphicData>
	<tickerType>Normal</tickerType>
    <altitudeLayer>Building</altitudeLayer>
    <passability>PassThroughOnly</passability>
    <blockWind>false</blockWind>
    <fillPercent>0.75</fillPercent>
	<pathCost>85</pathCost>
    <statBases>
      <WorkToBuild>2000</WorkToBuild>
      <MaxHitPoints>350</MaxHitPoints>
      <Flammability>0.5</Flammability>
    </statBases>
	<!--
    <building>

    </building>
	-->
    <comps>
      <li Class="CompProperties_Power">
        <compClass>CompPowerTrader</compClass>
        <basePowerConsumption>200</basePowerConsumption>
      </li>
      <li Class="CompProperties_Flickable"/>
      <li Class="CompProperties_Breakdownable"/>
    </comps>
    <size>(4,2)</size>
    <costList>
      <Steel>100</Steel>
      <ComponentIndustrial>5</ComponentIndustrial>
    </costList>
    <socialPropernessMatters>false</socialPropernessMatters>
    <interactionCellOffset>(0,0,2)</interactionCellOffset>
    <hasInteractionCell>false</hasInteractionCell>
    <terrainAffordanceNeeded>Heavy</terrainAffordanceNeeded>
    <designationCategory>Misc</designationCategory>
    <constructEffect>ConstructMetal</constructEffect>
    <designationHotKey>Misc6</designationHotKey>
    <canOverlapZones>false</canOverlapZones>
    <constructionSkillPrerequisite>7</constructionSkillPrerequisite>
    <researchPrerequisites>
      	<li>MSDrugMixer</li>
    </researchPrerequisites>
  </ThingDef>

  <ThingDef ParentName="BuildingBase">
    <defName>MSDrugMixInput</defName>
    <label>Drug Chemical Mixer Input</label>
    <description>Holds input resources for use by the drug chemical mixer during production.</description>
    <thingClass>Building_Storage</thingClass>
    <graphicData>
      <texPath>Things/Building/Misc/MSDrugMixer/MSDrugMixInput/MSDrugMixInput</texPath>
      <graphicClass>Graphic_Multi</graphicClass>
      <damageData>
        <rect>(0.05,0.1,0.9,0.9)</rect>
        <cornerTL>Damage/Corner</cornerTL>
        <cornerTR>Damage/Corner</cornerTR>
      </damageData>
    </graphicData>
    <altitudeLayer>Building</altitudeLayer>
    <passability>PassThroughOnly</passability>
    <fillPercent>0.5</fillPercent>
    <pathCost>70</pathCost>
    <canOverlapZones>false</canOverlapZones>
    <building>
      <fixedStorageSettings>
        <priority>Important</priority>
        <filter>
          <categories>
            <!-- <li>MSDrugs</li> -->
			<li>MSManufactured</li>
			<li>StoneChunks</li>
          </categories>
		  <thingDefs>
			<li>Chemfuel</li>
			<li>Neutroamine</li>
			<li>Beer</li>
			<li>MSOPSeedPod</li>
			<li>MSPerrywinkleLeaves</li>
			<!--
			<li>MedicineHerbal</li>
			<li>RawBerries</li>
			<li>RawAgave</li>
			<li>RawFungus</li>
			<li>Chocolate</li>
			<li>Milk</li>
			-->
		  </thingDefs>
		   <disallowedThingDefs>
			<li>Luciferium</li>
			<li>MSAntinites_Vial</li>
			<li>MSMetasis_Vial</li>
			<li>MSInjector_Unit</li>
			<li>MSImmunisation</li>
			<li>MSCerebrax</li>
			<li>MSBattleStim_Vial</li>
			<li>MSBattleStim</li>
			<li>MSStent</li>
			<li>MSBackDisc</li>
			<li>MSAdvSurgeryTools</li>
			<li>MSPerpetuity_Vial</li>
			<li>MSTranscendence_Vial</li>
			<li>MSMedSupplyFlare</li>
          </disallowedThingDefs>
		  </filter>
      </fixedStorageSettings>
	  <!--
      <defaultStorageSettings>
        <priority>Important</priority>
        <filter>
          <categories>
	  -->
            <!-- <li>MSDrugs</li> -->
	  <!--
			<li>MSManufactured</li>
			<li>StoneChunks</li>
          </categories>
		  <thingDefs>
			<li>Chemfuel</li>
			<li>Neutroamine</li>
			<li>Beer</li>
			<li>MSOPSeedPod</li>
	  -->
			<!--
			<li>MedicineHerbal</li>
			<li>RawBerries</li>
			<li>RawAgave</li>
			<li>RawFungus</li>
			<li>Chocolate</li>
			<li>Milk</li>
			-->
	  <!--
		  </thingDefs>
          <disallowedThingDefs>
			<li>Luciferium</li>
			<li>MSAntinites_Vial</li>
			<li>MSMetasis_Vial</li>
			<li>MSInjector_Unit</li>
			<li>MSImmunisation</li>
			<li>MSCerebrax</li>
			<li>MSBattleStim_Vial</li>
			<li>MSBattleStim</li>
			<li>MSStent</li>
			<li>MSBackDisc</li>
			<li>MSAdvSurgeryTools</li>
          </disallowedThingDefs>
        </filter>
      </defaultStorageSettings>
	  -->
    </building>
    <inspectorTabs>
      	<li>ITab_Storage</li>
    </inspectorTabs>
    <castEdgeShadows>true</castEdgeShadows>
    <statBases>
		<Mass>5</Mass>
      <WorkToBuild>300</WorkToBuild>
      <MaxHitPoints>100</MaxHitPoints>
      <Flammability>0.5</Flammability>
    </statBases>
    <costList>
      <Steel>15</Steel>
    </costList>
    <tickerType>Never</tickerType>
    <rotatable>true</rotatable>
    <neverMultiSelect>true</neverMultiSelect>
    <designationCategory>Misc</designationCategory>
	<minifiedDef>MinifiedThing</minifiedDef>
	<thingCategories Inherit="false">
		<li>BuildingsMisc</li>
	</thingCategories>
    <surfaceType>Item</surfaceType>
    <placeWorkers>
      <li>MSDrugMix.PlaceWorker_MSDrugMixHopper</li>
    </placeWorkers>
    <constructEffect>ConstructMetal</constructEffect>
    <researchPrerequisites>
      <li>MSDrugMixer</li>
    </researchPrerequisites>
    <uiIconPath>Things/Building/Misc/MSDrugMixer/MSDrugMixInput/MSDrugMixInput_MenuIcon</uiIconPath>
    <uiIconScale>0.85</uiIconScale>
  </ThingDef>
  
  <ThingDef ParentName="BuildingBase">
    <defName>MSDrugMixOutput</defName>
    <label>Drug Chemical Mixer Output</label>
    <description>Holds output products from the drug chemical mixer.</description>
    <thingClass>Building_Storage</thingClass>
    <graphicData>
      <texPath>Things/Building/Misc/MSDrugMixer/MSDrugMixOutput/MSDrugMixOutput</texPath>
      <graphicClass>Graphic_Multi</graphicClass>
      <damageData>
        <rect>(0.05,0.1,0.9,0.9)</rect>
        <cornerTL>Damage/Corner</cornerTL>
        <cornerTR>Damage/Corner</cornerTR>
      </damageData>
    </graphicData>
    <altitudeLayer>Building</altitudeLayer>
    <passability>PassThroughOnly</passability>
    <fillPercent>0.5</fillPercent>
    <pathCost>70</pathCost>
    <canOverlapZones>false</canOverlapZones>
    <building>
      <fixedStorageSettings>
        <priority>Low</priority>
        <filter>
          <categories>
            <!-- <li>MSDrugs</li> -->
			<li>MSManufactured</li>
          </categories>
		  <thingDefs>
			<li>Neutroamine</li>
		  </thingDefs>
		  <disallowedThingDefs>
			<li>MSAntinites_Vial</li>
			<li>MSMetasis_Vial</li>
			<li>MSInjector_Unit</li>
			<li>MSImmunisation</li>
			<li>MSCerebrax</li>
			<li>MSBattleStim_Vial</li>
			<li>MSBattleStim</li>
			<li>MSStent</li>
			<li>MSBackDisc</li>
			<li>MSAdvSurgeryTools</li>
			<li>MSPerpetuity_Vial</li>
			<li>MSTranscendence_Vial</li>
			<li>MSMedSupplyFlare</li>
          </disallowedThingDefs>
        </filter>
      </fixedStorageSettings>
	  <!--
      <defaultStorageSettings>
        <priority>Low</priority>
        <filter>
		
          <categories>
		-->
            <!-- <li>MSDrugs</li> -->
		<!--
			<li>MSManufactured</li>
          </categories>
		  <thingDefs>
			<li>Neutroamine</li>
		  </thingDefs>
		 
          <disallowedThingDefs>
			<li>MSAntinites_Vial</li>
			<li>MSMetasis_Vial</li>
			<li>MSInjector_Unit</li>
			<li>MSImmunisation</li>
			<li>MSCerebrax</li>
			<li>MSBattleStim_Vial</li>
			<li>MSBattleStim</li>
			<li>MSStent</li>
			<li>MSBackDisc</li>
			<li>MSAdvSurgeryTools</li>
          </disallowedThingDefs>
        </filter>
      </defaultStorageSettings>
		-->
    </building>
    <inspectorTabs>
      	<li>ITab_Storage</li>
    </inspectorTabs>
    <castEdgeShadows>true</castEdgeShadows>
    <statBases>
		<Mass>5</Mass>
      <WorkToBuild>300</WorkToBuild>
      <MaxHitPoints>100</MaxHitPoints>
      <Flammability>0.5</Flammability>
    </statBases>
    <costList>
      <Steel>15</Steel>
    </costList>
    <tickerType>Never</tickerType>
    <rotatable>true</rotatable>
    <neverMultiSelect>true</neverMultiSelect>
    <designationCategory>Misc</designationCategory>
	<minifiedDef>MinifiedThing</minifiedDef>
	<thingCategories Inherit="false">
		<li>BuildingsMisc</li>
	</thingCategories>
    <surfaceType>Item</surfaceType>
    <placeWorkers>
      	<li>MSDrugMix.PlaceWorker_MSDrugMixHopper</li>
    </placeWorkers>
    <constructEffect>ConstructMetal</constructEffect>
    <researchPrerequisites>
      	<li>MSDrugMixer</li>
    </researchPrerequisites>
    <uiIconPath>Things/Building/Misc/MSDrugMixer/MSDrugMixOutput/MSDrugMixOutput_MenuIcon</uiIconPath>
    <uiIconScale>0.85</uiIconScale>
  </ThingDef>

</Defs>